ID,NOME,WHATSAPP,NICHO,CATEGORIA,CIDADE,PAIS,NOTA,AVALIACOES,STATUS,DATA_ENVIO,NUMERO_USADO,MENSAGEM_ENVIADA
1,Widmen,552124610300,Sites desatualizados,Oficina mecânica,Rio de Janeiro,BR,4.9,8113,Pendente,,,
2,OdontoCompany Bonsucesso RJ,5521970359288,Sites desatualizados,Dentista,Rio de Janeiro,BR,4.8,2354,Pendente,,,
3,Pró Estética Vila Mariana,5511933697973,Sites desatualizados,Centro de saúde e beleza,São Paulo,BR,4.8,1881,Pendente,,,
4,Sorridents Clínicas Odontológicas Tatuapé,551122273700,Sites desatualizados,Dentista,São Paulo,BR,4.9,1814,Pendente,,,
5,BM Centro Odontológico LTDA,5521996915755,Sites desatualizados,Clínica odontológica,Rio de Janeiro,BR,4.7,1621,Pendente,,,
6,Clínica Odontológica Oral 360 Tijuca,5521998133001,Sites desatualizados,Clínica odontológica,Rio de Janeiro,BR,4.8,1517,Pendente,,,
7,Videira e Palhano Advogados,5521988050646,Sites desatualizados,Serviços jurídicos,Rio de Janeiro,BR,5,1379,Pendente,,,
8,Clínica Pró Estética Vila Leopoldina,5511914327445,Sites desatualizados,Centro de saúde e beleza,São Paulo,BR,4.8,1368,Pendente,,,
9,Mais Barauto Autopeças,552124423123,Sites desatualizados,Oficina mecânica,Rio de Janeiro,BR,4.8,1301,Pendente,,,
10,IRio Odontologia Barra da Tijuca,5521989003446,Sites desatualizados,Clínica odontológica,Rio de Janeiro,BR,5,1175,Pendente,,,
11,Hokkaido Oficina Especializada Honda e Toyota,5521964384766,Sites desatualizados,Oficina mecânica,Rio de Janeiro,BR,5,886,Pendente,,,
12,Mitras Estética,5511943617735,Sites desatualizados,Centro de saúde e beleza,São Paulo,BR,4.9,869,Pendente,,,
13,Robson Dantas Advocacia,5511932048678,Sites desatualizados,Advogado criminal,São Paulo,BR,4.9,837,Pendente,,,
14,Marcelle Rosa Advocacia - Direito Médico,5521971064121,Sites desatualizados,Serviços jurídicos,Rio de Janeiro,BR,5,767,Pendente,,,
15,Bradford Advogados,5521966832125,Sites desatualizados,Serviços jurídicos,Rio de Janeiro,BR,5,748,Pendente,,,
16,SempreSorrir Odontologia Vila Isabel,5521973164275,Sites desatualizados,Dentista,Rio de Janeiro,BR,4.9,621,Pendente,,,
17,Campos Advocacia Especializada,5511945914436,Sites desatualizados,Advogado trabalhista,São Paulo,BR,4.9,601,Pendente,,,
18,Edimar Ruiz Advogado Unidade Tatuapé,551121028889,Sites desatualizados,Serviços jurídicos,São Paulo,BR,4.9,584,Pendente,,,
19,Dentista Bonsucesso RJ 021 Dental,552122638960,Sites desatualizados,Dentista,Rio de Janeiro,BR,4.5,575,Pendente,,,
20,Iara Imobiliária Zona Leste,551126825391,Sites desatualizados,Imobiliária,São Paulo,BR,4.7,503,Pendente,,,
21,RE/MAX Guardião - Imobiliária em Bonsucesso,552135466652,Sites desatualizados,Imobiliária,Rio de Janeiro,BR,4.9,460,Pendente,,,
22,Guenki by SOHO Unidade Saúde,551155958681,Sites desatualizados,Salão de Beleza,São Paulo,BR,4.4,455,Pendente,,,
23,Invicta Imobiliária - Copacabana,552135634203,Sites desatualizados,Imobiliária,Rio de Janeiro,BR,4.8,438,Pendente,,,
24,Lucrum Imobiliária,552125220090,Sites desatualizados,Imobiliária,Rio de Janeiro,BR,4.7,433,Pendente,,,
25,Fino Capelli,5521970031920,Sites desatualizados,Salão de Beleza,Rio de Janeiro,BR,4.9,416,Pendente,,,
26,Studio F Hair,551129583654,Sites desatualizados,Salão de Beleza,São Paulo,BR,4.7,408,Pendente,,,
27,Clínica Jambo - Odontologia e Estética,5521998282729,Sites desatualizados,Dentista,Rio de Janeiro,BR,4.7,405,Pendente,,,
28,Estética UP,551150845198,Sites desatualizados,Centro de saúde e beleza,São Paulo,BR,4.9,377,Pendente,,,
29,GDS IMÓVEIS Parque São Domingos,5511991653010,Sites desatualizados,Imobiliária,São Paulo,BR,4.8,372,Pendente,,,
30,REMAX TERRA - Vila Leopoldina,551136419900,Sites desatualizados,Imobiliária,São Paulo,BR,4.7,367,Pendente,,,
31,Allegra Odontologia Tatuapé,5511961724207,Sites desatualizados,Dentista,São Paulo,BR,4.8,364,Pendente,,,
32,Lury Hair Studio Salão de Beleza,5511972727506,Sites desatualizados,Salão de Beleza,São Paulo,BR,4.9,360,Pendente,,,
33,Aura Color Concept - Salão de Beleza,5521969900804,Sites desatualizados,Salão de Beleza,Rio de Janeiro,BR,5,355,Pendente,,,
34,Novi Administradora,552132978686,Sites desatualizados,Imobiliária de aluguel de residências,Rio de Janeiro,BR,4.8,355,Pendente,,,
35,Odontomais - Fontális,5511943071267,Sites desatualizados,Dentista,São Paulo,BR,4.5,353,Pendente,,,
36,ACS Odontologia Dentista em Itaquera,551122055290,Sites desatualizados,Clínica odontológica,São Paulo,BR,4.9,347,Pendente,,,
37,Stella Maris Real Estate,5521991096997,Sites desatualizados,Imobiliária,Rio de Janeiro,BR,5,327,Pendente,,,
38,Magalhães & Gomes Advs - advogado de família RJ,5521998702613,Sites desatualizados,Advogado,Rio de Janeiro,BR,4.9,317,Pendente,,,
39,Invicta Imobiliária - Arpoador,5521998177466,Sites desatualizados,Imobiliária,Rio de Janeiro,BR,5,307,Pendente,,,
40,Eternità Clínica Odontológica,551120814489,Sites desatualizados,Dentista,São Paulo,BR,4.9,305,Pendente,,,
41,Matarazzo Freire Sociedade de Advogados,5521979426720,Sites desatualizados,Serviços jurídicos,Rio de Janeiro,BR,4.9,303,Pendente,,,
42,Advocacia Schettini,551120978125,Sites desatualizados,Serviços jurídicos,São Paulo,BR,4.9,290,Pendente,,,
43,Clínica Odontobarra Barra da Tijuca,5521995701789,Sites desatualizados,Dentista,Rio de Janeiro,BR,4.6,267,Pendente,,,
44,WP Salon Salão de Beleza Ipiranga,5511970177464,Sites desatualizados,Salão de Beleza,São Paulo,BR,4.8,264,Pendente,,,
45,Spettacolo Salone - Aclimação,551155718022,Sites desatualizados,Salão de Beleza,São Paulo,BR,4.6,262,Pendente,,,
46,Dream Smile Odontologia da Guanabara,5521995125162,Sites desatualizados,Dentista,Rio de Janeiro,BR,5,260,Pendente,,,
47,Garoni Imóveis Vila Leopoldina,5511982731418,Sites desatualizados,Imobiliária,São Paulo,BR,4.6,258,Pendente,,,
48,WhereInRio,5521969460929,Sites desatualizados,Agente imobiliário,Rio de Janeiro,BR,4.7,258,Pendente,,,
49,Studio Lu Rech - Barra Prime,552132560046,Sites desatualizados,Salão de Beleza,Rio de Janeiro,BR,4.9,243,Pendente,,,
50,Protekto Auto Services,5521976506860,Sites desatualizados,Oficina mecânica,Rio de Janeiro,BR,4.9,241,Pendente,,,
51,Judice & Araujo - Imóveis de Alto Padrão,552125409999,Sites desatualizados,Imobiliária,Rio de Janeiro,BR,4.9,239,Pendente,,,
52,COB - Clínica Odontológica do Brás,551120810106,Sites desatualizados,Dentista,São Paulo,BR,4.9,237,Pendente,,,
53,Clínica Monique Moura Estética Avançada Ilha,5521999442788,Sites desatualizados,Centro de saúde e beleza,Rio de Janeiro,BR,5,237,Pendente,,,
54,Advocacia Nunes - Ermelino Matarazzo,5511947219921,Sites desatualizados,Serviços jurídicos,São Paulo,BR,4.9,233,Pendente,,,
55,Imobiliária Império Zona Leste,551122892143,Sites desatualizados,Imobiliária de aluguel de residências,São Paulo,BR,4.7,229,Pendente,,,
56,Guedes & Guedes - Advogados,5511954130513,Sites desatualizados,Advogado,São Paulo,BR,4.9,206,Pendente,,,
57,Bella Imobiliária,551134596029,Sites desatualizados,Imobiliária,São Paulo,BR,4.4,206,Pendente,,,
58,REMAX RAMPER - Pirituba,551127800443,Sites desatualizados,Imobiliária,São Paulo,BR,5,204,Pendente,,,
59,Copa Azul Digital - Imobiliária Copacabana,552130421948,Sites desatualizados,Imobiliária,Rio de Janeiro,BR,4.9,204,Pendente,,,
60,VH Odontologia,552131701587,Sites desatualizados,Dentista,Rio de Janeiro,BR,5,193,Pendente,,,
61,Clinica Odontológica Sorridents Ermelino Matarazzo,551125452021,Sites desatualizados,Dentista,São Paulo,BR,4.7,191,Pendente,,,
62,Sorridents Bonsucesso Rio de Janeiro,5521996441408,Sites desatualizados,Dentista,Rio de Janeiro,BR,4.7,190,Pendente,,,
63,Imobiliária Renascença Barra da Tijuca,552133886090,Sites desatualizados,Corretora de aluguel de imóveis,Rio de Janeiro,BR,4.8,188,Pendente,,,
64,Royal Face Clínica de Estética Ilha do Governador,5521991520404,Sites desatualizados,Centro de saúde e beleza,Rio de Janeiro,BR,5,188,Pendente,,,
65,REMAX SOMMOS UNIÃO BROKERS Vila Leopoldina,5511998838036,Sites desatualizados,Imobiliária,São Paulo,BR,4.8,181,Pendente,,,
66,Oficina Edcar Catete,5521998084370,Sites desatualizados,Oficina mecânica,Rio de Janeiro,BR,4.9,176,Pendente,,,
67,D´Villa Imobiliária,5511993391214,Sites desatualizados,Imobiliária,São Paulo,BR,4.6,172,Pendente,,,
68,NORI Clínica Odontológica,5511997055149,Sites desatualizados,Dentista,São Paulo,BR,5,170,Pendente,,,
69,OM Auto Elétrica,5521969783101,Sites desatualizados,Oficina mecânica,Rio de Janeiro,BR,4.8,170,Pendente,,,
70,Clínica Thais Navega - Estética Personalizada,5511952195980,Sites desatualizados,Clínica especializada,São Paulo,BR,5,166,Pendente,,,
71,Sthanke Odontologia,551122270148,Sites desatualizados,Clínica odontológica,São Paulo,BR,4.7,165,Pendente,,,
72,Rio Couto Imóveis,5521996168899,Sites desatualizados,Imobiliária,Rio de Janeiro,BR,5,163,Pendente,,,
73,Oliver Marques Imobiliária,551137685000,Sites desatualizados,Imobiliária,São Paulo,BR,4.3,160,Pendente,,,
74,Prez Odonto - Clínica Odontológica no Tatuapé,5511993996120,Sites desatualizados,Clínica odontológica,São Paulo,BR,4.9,158,Pendente,,,
75,Gamec Oficina Mecânica Cidade Dutra,5511939013340,Sites desatualizados,Oficina mecânica,São Paulo,BR,4.9,158,Pendente,,,
76,Mecânica Boldor,5521970462137,Sites desatualizados,Oficina mecânica,Rio de Janeiro,BR,4.8,155,Pendente,,,
77,Invicta Imobiliária - Ipanema,552132158066,Sites desatualizados,Imobiliária,Rio de Janeiro,BR,5,154,Pendente,,,
78,RB Veículos Oficina Especializada,5521994449554,Sites desatualizados,Oficina mecânica,Rio de Janeiro,BR,4.9,153,Pendente,,,
79,DentalRio,5521992794180,Sites desatualizados,Dentista,Rio de Janeiro,BR,4.5,152,Pendente,,,
80,Colina Clin - Clínica Odontológica,5511999901358,Sites desatualizados,Clínica odontológica,São Paulo,BR,4.8,151,Pendente,,,
81,Grupo Centro Automotivo Jd Oceânico,552134328858,Sites desatualizados,Oficina mecânica,Rio de Janeiro,BR,4.8,151,Pendente,,,
82,Imobiliária Tatuapé - Balbás,551122953500,Sites desatualizados,Imobiliária,São Paulo,BR,4.8,150,Pendente,,,
83,Top Lar Imóveis Pirituba,551139718457,Sites desatualizados,Imobiliária,São Paulo,BR,3.9,150,Pendente,,,
84,Clínica Dra. Alice Freitas Invisalign Barra,5521994048945,Sites desatualizados,Clínica odontológica,Rio de Janeiro,BR,5,150,Pendente,,,
85,SorriaMed Barra da Tijuca,5521993254949,Sites desatualizados,Clínica odontológica,Rio de Janeiro,BR,5,148,Pendente,,,
86,Centro de Estética Janete Castro Limpeza de Pele,5511998896510,Sites desatualizados,Centro de saúde e beleza,São Paulo,BR,4.8,146,Pendente,,,
87,Royal Face Clínica de Estética - Santo Amaro,5511966279801,Sites desatualizados,Centro de saúde e beleza,São Paulo,BR,4.9,145,Pendente,,,
88,Advocacia Lopes,551151998350,Sites desatualizados,Serviços jurídicos,São Paulo,BR,5,145,Pendente,,,
89,Canuto e Nabarro Escritório de Advocacia,5521973691764,Sites desatualizados,Escritório de advocacia,Rio de Janeiro,BR,5,145,Pendente,,,
90,VGV Advogados Direito Médico,552135706100,Sites desatualizados,Serviços jurídicos,Rio de Janeiro,BR,5,144,Pendente,,,
91,Studio 331 Salão De Beleza Unissex,551123866521,Sites desatualizados,Salão de Beleza,São Paulo,BR,4.8,142,Pendente,,,
92,Oficina Mecânica Mult Injection Penha,551122966065,Sites desatualizados,Oficina mecânica,São Paulo,BR,4.8,140,Pendente,,,
93,Clínica Odontológica Mais Família,5511934489686,Sites desatualizados,Dentista,São Paulo,BR,4.9,135,Pendente,,,
94,MR Odontologia Especializada Guaianases,551125157777,Sites desatualizados,Dentista,São Paulo,BR,4.9,134,Pendente,,,
95,GiO Estética Avançada Ipiranga,551135392315,Sites desatualizados,Centro de saúde e beleza,São Paulo,BR,4.7,134,Pendente,,,
96,Teixeira Imobiliária,551139022882,Sites desatualizados,Imobiliária,São Paulo,BR,4.6,133,Pendente,,,
97,Clínica Salvus - Medicina e Estética Afetiva,5511948445629,Sites desatualizados,Centro de saúde e beleza,São Paulo,BR,4.8,133,Pendente,,,
98,Fê Seabra Studio Shopping Downtown,5521979526655,Sites desatualizados,Salão de Beleza,Rio de Janeiro,BR,5,133,Pendente,,,
99,Clínica Odontológica OrtoPretti,551125030597,Sites desatualizados,Dentista,São Paulo,BR,4.9,130,Pendente,,,
100,Adhara Clínica de Saúde Integrada Ipiranga,551134430445,Sites desatualizados,Centro estético,São Paulo,BR,4.9,130,Pendente,,,
101,REMAX LEE - Vila Leopoldina,5511973837150,Sites desatualizados,Imobiliária,São Paulo,BR,4.9,129,Pendente,,,
102,JTavares Assessoria Imobiliária em Ipanema,552132614200,Sites desatualizados,Imobiliária,Rio de Janeiro,BR,4.4,123,Pendente,,,
103,Clínica Renata Vilela Stetic & Spa Ipanema,5521964841221,Sites desatualizados,Centro de saúde e beleza,Rio de Janeiro,BR,5,123,Pendente,,,
104,Solange Farias Advogada,5521985673981,Sites desatualizados,Advogado previdenciário,Rio de Janeiro,BR,5,121,Pendente,,,
105,Dannemann Siemsen,552122378700,Sites desatualizados,Serviços jurídicos,Rio de Janeiro,BR,4.6,121,Pendente,,,
106,Almenar Rio Soluções Automotivas,552125024015,Sites desatualizados,Oficina mecânica,Rio de Janeiro,BR,4.8,120,Pendente,,,
107,Clínica de Estética Hamonir,552139880888,Sites desatualizados,Centro de saúde e beleza,Rio de Janeiro,BR,4.9,119,Pendente,,,
108,Clínica Dra. Mileny Galeão,5521989190503,Sites desatualizados,Centro de saúde e beleza,Rio de Janeiro,BR,4.9,117,Pendente,,,
109,Jmcar Oficina Mecânica,5521985473138,Sites desatualizados,Mecânica para carros,Rio de Janeiro,BR,4.8,117,Pendente,,,
110,Pode Sorrir - Clínica Odontológica,551151999469,Sites desatualizados,Dentista,São Paulo,BR,4.9,116,Pendente,,,
111,Mozer Advocacia,5521970971920,Sites desatualizados,Advogado imobiliário,Rio de Janeiro,BR,4.9,115,Pendente,,,
112,R Vianna Advocacia Direito Imobiliário,5521964470831,Sites desatualizados,Advogado,Rio de Janeiro,BR,4.9,115,Pendente,,,
113,Advogado Criminalista Marcelo Vasconcelos,5521964424245,Sites desatualizados,Advogado criminal,Rio de Janeiro,BR,5,115,Pendente,,,
114,Reboque 24 Horas e Oficina Mecânica Bencar,552122757595,Sites desatualizados,Oficina mecânica,Rio de Janeiro,BR,4.8,115,Pendente,,,
115,Imobiliária Esteves,5511947597700,Sites desatualizados,Imobiliária,São Paulo,BR,5,114,Pendente,,,
116,Clínica de Estética Madame Face,5511913089597,Sites desatualizados,Clínica especializada,São Paulo,BR,5,112,Pendente,,,
117,Essência do Bem Estar Clínica estética,5511999115297,Sites desatualizados,Esteticista,São Paulo,BR,5,112,Pendente,,,
118,UNIQUE - Brasil Brokers - Loja Ipanema,5521935057574,Sites desatualizados,Imobiliária,Rio de Janeiro,BR,4.9,112,Pendente,,,
119,Fast Break,552134191010,Sites desatualizados,Oficina mecânica,Rio de Janeiro,BR,4.8,111,Pendente,,,
120,Royal Face Clínica de Estética,5521977380133,Sites desatualizados,Centro de saúde e beleza,Rio de Janeiro,BR,4.7,110,Pendente,,,
121,Mecanautos Auto Center - Oficina Mecânica,5511952392069,Sites desatualizados,Oficina mecânica,São Paulo,BR,4.9,109,Pendente,,,
122,For Dent Clinica Dentária,552125804316,Sites desatualizados,Clínica odontológica,Rio de Janeiro,BR,4.5,109,Pendente,,,
123,REMAX SKY,552121460168,Sites desatualizados,Imobiliária,Rio de Janeiro,BR,4.9,109,Pendente,,,
124,Dentista Dr Gerson Clínica Condent,552122708870,Sites desatualizados,Dentista,Rio de Janeiro,BR,4.8,106,Pendente,,,
125,Clínica Estética de Resultados Recreio,5521965092940,Sites desatualizados,Centro de saúde e beleza,Rio de Janeiro,BR,4.9,106,Pendente,,,
126,Marcos Viveiro Advogados Tatuapé,5511972634511,Sites desatualizados,Advogado,São Paulo,BR,5,103,Pendente,,,
127,REMAX MONARCA Imóveis Zona Norte,5511939346631,Sites desatualizados,Imobiliária,São Paulo,BR,4.9,103,Pendente,,,
128,Escritório de Advocacia Viviane Antunes,5511982628821,Sites desatualizados,Advogado(a) civil,São Paulo,BR,5,102,Pendente,,,
129,Global Imóveis Pirituba,551139748665,Sites desatualizados,Imobiliária,São Paulo,BR,3.8,102,Pendente,,,
130,Inova Premier - Clínica Odontológica,551138816100,Sites desatualizados,Dentista,São Paulo,BR,4.9,101,Pendente,,,
131,Vous Estética Vila Mariana,5511932515047,Sites desatualizados,Clínica especializada,São Paulo,BR,4.8,100,Pendente,,,
132,Studio Harmony Skin Ipiranga,5511995975084,Sites desatualizados,Centro estético,São Paulo,BR,5,99,Pendente,,,
133,Home Mechanic RJ,5521999895969,Sites desatualizados,Oficina mecânica,Rio de Janeiro,BR,4.9,99,Pendente,,,
134,Mecânica Automotiva Titanium,551126155801,Sites desatualizados,Oficina mecânica,São Paulo,BR,4.8,98,Pendente,,,
135,Rodrigo Gonçalves Advogado MEGADVOGADOS,5521978791488,Sites desatualizados,Advogado,Rio de Janeiro,BR,5,98,Pendente,,,
136,Anita Beauty Clinic,5521971744848,Sites desatualizados,Centro de saúde e beleza,Rio de Janeiro,BR,5,98,Pendente,,,
137,Imobiliária Sol Nascente,551139313666,Sites desatualizados,Imobiliária,São Paulo,BR,3.5,97,Pendente,,,
138,Barra Sul Autocenter,552124939995,Sites desatualizados,Oficina mecânica,Rio de Janeiro,BR,4.5,97,Pendente,,,
139,Godoy Soluções Imobiliária,5511968044055,Sites desatualizados,Imobiliária,São Paulo,BR,4.9,96,Pendente,,,
140,Clínica de Estética Peel Clinique,5521980136566,Sites desatualizados,Centro de saúde e beleza,Rio de Janeiro,BR,4.8,96,Pendente,,,
141,Oficina Mecanica Mineirinho,551120564868,Sites desatualizados,Mecânica para carros,São Paulo,BR,4.2,95,Pendente,,,
142,Daniel Medeiros Advocacia,5521998856717,Sites desatualizados,Serviços jurídicos,Rio de Janeiro,BR,5,92,Pendente,,,
143,Clínica Premium Odontologia Barra,5521975048181,Sites desatualizados,Clínica odontológica,Rio de Janeiro,BR,4.6,91,Pendente,,,
144,Imobiliária César & Cia,5511963248554,Sites desatualizados,Imobiliária,São Paulo,BR,4.7,90,Pendente,,,
145,Shopping House Imóveis - Lapa,551138339902,Sites desatualizados,Imobiliária,São Paulo,BR,3.9,90,Pendente,,,
146,Salão Sun Shine - Barra da Tijuca,552124956434,Sites desatualizados,Salão de Beleza,Rio de Janeiro,BR,4.6,90,Pendente,,,
147,Bella Star Centro de Beleza,5521987501571,Sites desatualizados,Salão de Beleza,Rio de Janeiro,BR,4.7,90,Pendente,,,
148,Clínica Estética - Esteticaline - São Paulo,5511987062296,Sites desatualizados,Centro de saúde e beleza,São Paulo,BR,5,89,Pendente,,,
149,Vizu Imobiliária Boutique,5521974766866,Sites desatualizados,Imobiliária,Rio de Janeiro,BR,5,89,Pendente,,,
150,Oficina Mecânica Aliança,5511941370606,Sites desatualizados,Oficina mecânica,São Paulo,BR,4.9,88,Pendente,,,
151,Salão Werner Boutique - Barra da Tijuca,5521973630108,Sites desatualizados,Salão de Beleza,Rio de Janeiro,BR,4.8,88,Pendente,,,
152,Dentista Anna Leal Cirurgia BucoMaxiloFacial,5521997830958,Sites desatualizados,Clínica odontológica,Rio de Janeiro,BR,5,86,Pendente,,,
153,Clínica Dr. Gabriel de Luka Ilha do Governador,5521972641217,Sites desatualizados,Centro de saúde e beleza,Rio de Janeiro,BR,5,86,Pendente,,,
154,Dra. Tania Travassos - Método Alpha Clinic,5521997171457,Sites desatualizados,Centro de saúde e beleza,Rio de Janeiro,BR,5,85,Pendente,,,
155,Arcoverde Imobiliária Ltda.,551130314943,Sites desatualizados,Imobiliária,São Paulo,BR,4.3,84,Pendente,,,
156,Kelly Angelina de Carvalho Advocacia,5511974925249,Sites desatualizados,Assistência jurídica,São Paulo,BR,5,83,Pendente,,,
157,Lar de Carioca Imóveis,5521993848330,Sites desatualizados,Imobiliária,Rio de Janeiro,BR,5,82,Pendente,,,
158,Noira Advocacia,5521998265662,Sites desatualizados,Serviços jurídicos,Rio de Janeiro,BR,4.9,81,Pendente,,,
159,Instituto Abib Dermatologia Barra da Tijuca,5521997408070,Sites desatualizados,Centro de saúde e beleza,Rio de Janeiro,BR,5,81,Pendente,,,
160,Sépua Estética e Spa Barra da Tijuca,5521997329710,Sites desatualizados,Spa,Rio de Janeiro,BR,5,81,Pendente,,,
161,Artestética Clínica de Estética Vila Mariana,551150839551,Sites desatualizados,Centro de saúde e beleza,São Paulo,BR,4.6,80,Pendente,,,
162,Clínica Oliveira Concept,5511998484404,Sites desatualizados,Centro de saúde e beleza,São Paulo,BR,5,78,Pendente,,,
163,Sorridents Parelheiros,551159263082,Sites desatualizados,Dentista,São Paulo,BR,4.1,78,Pendente,,,
164,Clínica de estética Tríade da Beleza,5511954429781,Sites desatualizados,Centro de saúde e beleza,São Paulo,BR,5,76,Pendente,,,
165,Clínica Bioestética Face e Corpo,5511984434945,Sites desatualizados,Esteticista,São Paulo,BR,5,75,Pendente,,,
166,Centro Odontológico Dra. Leila Márcia,5521966453084,Sites desatualizados,Clínica odontológica,Rio de Janeiro,BR,5,75,Pendente,,,
167,Imobiliária Rio de Janeiro,552130423384,Sites desatualizados,Imobiliária,Rio de Janeiro,BR,4.9,75,Pendente,,,
168,Encanto Odontologia Zona leste SP,5511978082926,Sites desatualizados,Odontopediatra,São Paulo,BR,5,74,Pendente,,,
169,RCR Odonto - Clínica Odontológica,551129571806,Sites desatualizados,Dentista,São Paulo,BR,4.7,73,Pendente,,,
170,STUDIO HARA SALÃO DE BELEZA,5511998549492,Sites desatualizados,Salão de Beleza,São Paulo,BR,5,73,Pendente,,,
171,Jiselly Andrade Advogados,5521999080905,Sites desatualizados,Advogado trabalhista,Rio de Janeiro,BR,5,73,Pendente,,,
172,MR Imóveis & Consultoria Zona Sul RJ,5521991325547,Sites desatualizados,Imobiliária,Rio de Janeiro,BR,5,73,Pendente,,,
173,Odonto Sorriso Clínica Odontológica,551132370210,Sites desatualizados,Dentista,São Paulo,BR,4.5,71,Pendente,,,
174,Sorrir de Novo Clínica Médica e Odontológica,5521996703800,Sites desatualizados,Policlínica,Rio de Janeiro,BR,4.7,69,Pendente,,,
175,Rodrigo Gonçalves Advogado Barra da Tijuca,5521964380127,Sites desatualizados,Advogado,Rio de Janeiro,BR,5,68,Pendente,,,
176,Imobiliária Foccus Imóveis,551136444509,Sites desatualizados,Imobiliária,São Paulo,BR,5,66,Pendente,,,
177,Acrópole Imóveis,551139178000,Sites desatualizados,Imobiliária,São Paulo,BR,3,65,Pendente,,,
178,Rawan Imóveis,551139170866,Sites desatualizados,Imobiliária,São Paulo,BR,4.1,64,Pendente,,,
179,Privilégio Imóveis Filial,552120519004,Sites desatualizados,Imobiliária,Rio de Janeiro,BR,4.8,63,Pendente,,,
180,Dra Priscilla Priosti,5521982389189,Sites desatualizados,Centro de saúde e beleza,Rio de Janeiro,BR,5,63,Pendente,,,
181,Oficina Barra da Tijuca Lufcar,552124841970,Sites desatualizados,Oficina mecânica,Rio de Janeiro,BR,4.5,62,Pendente,,,
182,Juliana Castro Sobrancelhas,5521993585068,Sites desatualizados,Salão de Beleza,Rio de Janeiro,BR,5,62,Pendente,,,
183,REMAX Agility - Pirituba,551126406740,Sites desatualizados,Imobiliária,São Paulo,BR,4.7,61,Pendente,,,
184,CP Odontologia Dra Claudia Pavão,5521964038440,Sites desatualizados,Clínica odontológica,Rio de Janeiro,BR,5,61,Pendente,,,
185,Nota 10X Administração Imobiliária,552122206643,Sites desatualizados,Imobiliária,Rio de Janeiro,BR,3.9,61,Pendente,,,
186,INVEXO imobiliária Ipanema RJ,552131283800,Sites desatualizados,Imobiliária,Rio de Janeiro,BR,4.8,58,Pendente,,,
187,Miguez & Florentino Advogados,552125136848,Sites desatualizados,Advogado,Rio de Janeiro,BR,5,57,Pendente,,,
188,Studio de Beleza Estrela Barra,552124921938,Sites desatualizados,Salão de Beleza,Rio de Janeiro,BR,4.5,57,Pendente,,,
189,TOT Advogados,5521981990171,Sites desatualizados,Serviços jurídicos,Rio de Janeiro,BR,4.8,57,Pendente,,,
190,La Belle Salão de Beleza e Cosméticos,5511961602885,Sites desatualizados,Salão de Beleza,São Paulo,BR,4.8,56,Pendente,,,
191,Cigani Imóveis Barra da Tijuca,5521970324474,Sites desatualizados,Imobiliária,Rio de Janeiro,BR,4.9,56,Pendente,,,
192,Rodrigo Lobato Advogado,5521993139448,Sites desatualizados,Advogado,Rio de Janeiro,BR,4.9,55,Pendente,,,
193,Sérgio Mendes Imobiliária,552125604646,Sites desatualizados,Imobiliária,Rio de Janeiro,BR,4.5,55,Pendente,,,
194,Clinica Walfare Estetica Avançada,5511967646656,Sites desatualizados,Centro de saúde e beleza,São Paulo,BR,4.9,54,Pendente,,,
195,Clínica Dentista do Povo - Tatuapé,551122252931,Sites desatualizados,Clínica odontológica,São Paulo,BR,4.3,54,Pendente,,,
196,Villa Ipanema Imobiliária,5521964482218,Sites desatualizados,Imobiliária,Rio de Janeiro,BR,4.1,54,Pendente,,,
197,J. B. Andrade Imóveis,552132535339,Sites desatualizados,Imobiliária,Rio de Janeiro,BR,3.8,54,Pendente,,,
198,Dr. Cristhian Seripierri Advogado criminalista,5511947892754,Sites desatualizados,Advogado criminal,São Paulo,BR,5,53,Pendente,,,
199,People Hair Stylist Aclimação,551132710227,Sites desatualizados,Salão de Beleza,São Paulo,BR,4.9,53,Pendente,,,
200,Alli Vallim Advogados,5521977045555,Sites desatualizados,Serviços jurídicos,Rio de Janeiro,BR,5,53,Pendente,,,
201,Clínica Odontológica Leite & Rocha,5511947984130,Sites desatualizados,Clínica odontológica,São Paulo,BR,4.6,52,Pendente,,,
202,RR Clínica Odontológica,5521979858731,Sites desatualizados,Clínica odontológica,Rio de Janeiro,BR,4.7,52,Pendente,,,
203,Clínica Fernanda Reis Paraíso Estética Íntima,5511969433333,Sites desatualizados,Centro de saúde e beleza,São Paulo,BR,5,50,Pendente,,,
204,Dra Roberta Andrade - Advogada,5521974984921,Sites desatualizados,Advogado trabalhista,Rio de Janeiro,BR,5,49,Pendente,,,
205,OdontoCompany Barra da Tijuca,5521990688153,Sites desatualizados,Clínica odontológica,Rio de Janeiro,BR,4.7,49,Pendente,,,
206,Ohanne Advocacia,5521965238559,Sites desatualizados,Advogado,Rio de Janeiro,BR,4.9,49,Pendente,,,
207,Essentia Odonto Shopping Downtown,552135479233,Sites desatualizados,Clínica odontológica,Rio de Janeiro,BR,4.4,48,Pendente,,,
208,Vip Auto Care,5521995060742,Sites desatualizados,Oficina mecânica,Rio de Janeiro,BR,4.2,48,Pendente,,,
209,Costa E Valle Advogados,552139623850,Sites desatualizados,Escritório de advocacia,Rio de Janeiro,BR,5,47,Pendente,,,
210,Judice & Araujo Barra e Lançamentos,5521999673830,Sites desatualizados,Imobiliária,Rio de Janeiro,BR,4.8,46,Pendente,,,
211,Auto Mecânica Triunfo da Barra,5521970465213,Sites desatualizados,Oficina mecânica,Rio de Janeiro,BR,4.6,44,Pendente,,,
212,Fernando Brandão Imóveis,5521999463606,Sites desatualizados,Imobiliária,Rio de Janeiro,BR,4.9,43,Pendente,,,
213,Clínica Odontológica Odontomérita,5511913273880,Sites desatualizados,Clínica odontológica,São Paulo,BR,4.8,42,Pendente,,,
214,Privilégio Imóveis,552120519005,Sites desatualizados,Imobiliária,Rio de Janeiro,BR,4.9,42,Pendente,,,
215,Inova Imobiliária - Jaraguá,551145645354,Sites desatualizados,Imobiliária,São Paulo,BR,4.4,40,Pendente,,,
216,Consultório Dra. Patrícia Correa,5521979461511,Sites desatualizados,Dentista,Rio de Janeiro,BR,5,40,Pendente,,,
217,BBLAW - Baldini Blanck Advogados,5521991888150,Sites desatualizados,Advogado,Rio de Janeiro,BR,4.9,39,Pendente,,,
218,Instituto Cardo Aesthetic,5521996956545,Sites desatualizados,Centro de saúde e beleza,Rio de Janeiro,BR,5,39,Pendente,,,
219,Dentalmeida Clínica Odontológica,5511955777772,Sites desatualizados,Clínica odontológica,São Paulo,BR,5,37,Pendente,,,
220,Fast Sorriso Clínica Odontológica Tatuapé,5511917051099,Sites desatualizados,Dentista,São Paulo,BR,4.9,36,Pendente,,,
221,Pachecco & Reis Imóveis,551139188768,Sites desatualizados,Imobiliária,São Paulo,BR,4.4,35,Pendente,,,
222,Imobiliária Lapa,551138343620,Sites desatualizados,Imobiliária,São Paulo,BR,4.1,35,Pendente,,,
223,Rodrigues Auto Center - Bonsucesso RJ,552132583950,Sites desatualizados,Oficina mecânica,Rio de Janeiro,BR,4.8,33,Pendente,,,
224,Perus Imóveis,551139154315,Sites desatualizados,Imobiliária,São Paulo,BR,3.3,32,Pendente,,,
225,KR CLINIC SAÚDE ESTÉTICA AVANÇADA,551155717068,Sites desatualizados,Centro de saúde e beleza,São Paulo,BR,4.4,32,Pendente,,,
226,Vinicius Machado Melo Advogado,5521999515509,Sites desatualizados,Escritório de advocacia,Rio de Janeiro,BR,4.9,32,Pendente,,,
227,FD Concept Odontologia Avançada,5521994472257,Sites desatualizados,Clínica odontológica,Rio de Janeiro,BR,4.8,32,Pendente,,,
228,Cabeleireira Cristiane Mantovani,5521998388992,Sites desatualizados,Salão de Beleza,Rio de Janeiro,BR,5,32,Pendente,,,
229,UNIQ CONCEPT,552122093184,Sites desatualizados,Oficina mecânica,Rio de Janeiro,BR,5,31,Pendente,,,
230,Escritório Fernanda Carneiro Advocacia,5521991360534,Sites desatualizados,Advogado administrativo,Rio de Janeiro,BR,5,31,Pendente,,,
231,Clínica Dra. Thais Lopes Santa Cruz RJ,5521967708082,Sites desatualizados,Centro de saúde e beleza,Rio de Janeiro,BR,5,30,Pendente,,,
232,Natália Ferraz Estética Barra da Tijuca,5521980460855,Sites desatualizados,Centro de saúde e beleza,Rio de Janeiro,BR,5,29,Pendente,,,
233,Imobiliária A. Costa,552125605408,Sites desatualizados,Imobiliária,Rio de Janeiro,BR,3.4,29,Pendente,,,
234,Murilo Cruz Escritório de Advocacia,5521983381230,Sites desatualizados,Advogado,Rio de Janeiro,BR,5,28,Pendente,,,
235,Kicasa Imóveis,551139176774,Sites desatualizados,Imobiliária,São Paulo,BR,3.9,27,Pendente,,,
236,Huff Life Clínica de Estética e Emagrecimento,5551993345221,Sites desatualizados,Grupo médico,Rio de Janeiro,BR,4.9,27,Pendente,,,
237,Castellani & Fernandes Advogados,5521991127447,Sites desatualizados,Advogado,Rio de Janeiro,BR,5,26,Pendente,,,
238,DRO Advogados,5521969845314,Sites desatualizados,Serviços jurídicos,Rio de Janeiro,BR,5,26,Pendente,,,
239,Noor odontologia,552138822615,Sites desatualizados,Clínica odontológica,Rio de Janeiro,BR,5,26,Pendente,,,
240,Clínica Cáceres Odontologia,552124921366,Sites desatualizados,Clínica odontológica,Rio de Janeiro,BR,5,25,Pendente,,,
241,Consultório Odontológico Dra Vani,5521992271257,Sites desatualizados,Clínica odontológica,Rio de Janeiro,BR,4.8,23,Pendente,,,
242,Imobiliária Barra da Tijuca,5521988739170,Sites desatualizados,Imobiliária,Rio de Janeiro,BR,5,23,Pendente,,,
243,Correia Lima Advogados,5521971313311,Sites desatualizados,Escritório de advocacia,Rio de Janeiro,BR,5,23,Pendente,,,
244,Kevin Rafael de Souza - Advocacia,5511962755277,Sites desatualizados,Serviços jurídicos,São Paulo,BR,5,22,Pendente,,,
245,Imobiliária RE/MAX Ocean Eagle Barra,5521994442402,Sites desatualizados,Imobiliária,Rio de Janeiro,BR,5,22,Pendente,,,
246,Auto Mecânica Bom Sucesso,551155247835,Sites desatualizados,Oficina mecânica,São Paulo,BR,5,21,Pendente,,,
247,Hipólito e Mourão Advogados,5521997380156,Sites desatualizados,Advogado,Rio de Janeiro,BR,5,21,Pendente,,,
248,MF Beauty Clinic,5521996157722,Sites desatualizados,Centro de saúde e beleza,Rio de Janeiro,BR,5,21,Pendente,,,
249,Futura Imobiliária,5521977348985,Sites desatualizados,Imobiliária,Rio de Janeiro,BR,4.8,18,Pendente,,,
250,Tafain Studio de Beleza Sepetiba,5521995663431,Sites desatualizados,Salão de Beleza,Rio de Janeiro,BR,4.7,18,Pendente,,,
251,Clinica de Estética Bellavance Ilha do Governador,5521998739967,Sites desatualizados,Clínica especializada,Rio de Janeiro,BR,5,17,Pendente,,,
252,Galdino Pimenta Takemi Ayoub Advogados,552131950240,Sites desatualizados,Escritório de advocacia,Rio de Janeiro,BR,4.4,16,Pendente,,,
253,Scarfon Imóveis Ltda.,551139178467,Sites desatualizados,Imobiliária,São Paulo,BR,4.3,15,Pendente,,,
254,Clínica de Estética Corpo Bueno Barra,5521999002085,Sites desatualizados,Centro estético,Rio de Janeiro,BR,5,15,Pendente,,,
255,Cardoso Machado Advocacia,551159218881,Sites desatualizados,Advogado,São Paulo,BR,4.9,14,Pendente,,,
256,CM CAR,5511982184751,Sites desatualizados,Oficina mecânica,São Paulo,BR,4.9,14,Pendente,,,
257,Imobiliária do Rio,552130210040,Sites desatualizados,Imobiliária,Rio de Janeiro,BR,4.9,14,Pendente,,,
258,Auto Mecânica Primos,5521966954876,Sites desatualizados,Oficina mecânica,Rio de Janeiro,BR,4.1,14,Pendente,,,
259,Planeta Imóveis Negócios Imobiliários,551139185335,Sites desatualizados,Imobiliária,São Paulo,BR,4.3,12,Pendente,,,
260,LucenasCar Auto Center Oficina Mecânica,5511937500657,Sites desatualizados,Oficina mecânica,São Paulo,BR,5,12,Pendente,,,
261,Dany Auto Mecânica e Guincho 24 Horas,5511947909262,Sites desatualizados,Oficina mecânica,São Paulo,BR,5,11,Pendente,,,
262,Direção Imobiliária Zona Sul RJ,552135298088,Sites desatualizados,Imobiliária,Rio de Janeiro,BR,5,11,Pendente,,,
263,Olegário Dental Studio,5521999561140,Sites desatualizados,Clínica odontológica,Rio de Janeiro,BR,5,11,Pendente,,,
264,Vista Livre Imobiliária RJ,5521999472255,Sites desatualizados,Construtora,Rio de Janeiro,BR,5,11,Pendente,,,
265,Além do Olhar - Downtown Clínica de Estética,5521999140734,Sites desatualizados,Salão de Beleza,Rio de Janeiro,BR,5,11,Pendente,,,
266,Mazzuca Advogados,5521990951915,Sites desatualizados,Advogado imobiliário,Rio de Janeiro,BR,5,9,Pendente,,,
267,Clinica de Estética Bela Leal Barra,5521964919841,Sites desatualizados,Clínica da saúde da mulher,Rio de Janeiro,BR,5,6,Pendente,,,
268,Prima Imobiliária,552124932020,Sites desatualizados,Desenvolvedora de imóveis,Rio de Janeiro,BR,3.2,5,Pendente,,,
269,Lucas da Rocha Fernandes Advogado,5511980703462,Sites desatualizados,Serviços jurídicos,São Paulo,BR,5,4,Pendente,,,
270,Sindy Menezes Beauty,5521971067650,Sites desatualizados,Salão de Beleza,Rio de Janeiro,BR,5,4,Pendente,,,
271,Oficina do Massal,5521990642402,Sites desatualizados,Oficina mecânica,Rio de Janeiro,BR,5,4,Pendente,,,
272,Imobiliária Thaís Rezende,551159208699,Sites desatualizados,Imobiliária,São Paulo,BR,4,3,Pendente,,,
273,Imobiliária MM,5511956540023,Sites desatualizados,Imobiliária,São Paulo,BR,3.7,3,Pendente,,,
274,Oficina Mecânica Automotiva Car Consert,5511972998181,Sites desatualizados,Mecânica para carros,São Paulo,BR,5,3,Pendente,,,
275,Dentistas Olegário Barra da Tijuca,5521968108228,Sites desatualizados,Dentista,Rio de Janeiro,BR,5,3,Pendente,,,
276,LM da Barra Auto Mecânica,5521964990093,Sites desatualizados,Oficina mecânica,Rio de Janeiro,BR,4,3,Pendente,,,
277,Homestead Imobiliária,552124341388,Sites desatualizados,Imobiliária,Rio de Janeiro,BR,5,3,Pendente,,,
278,Iunni Imobiliária,5521995267662,Sites desatualizados,Imobiliária,Rio de Janeiro,BR,3,2,Pendente,,,
279,Leonardo Melo Advogados,552130887843,Sites desatualizados,Escritório de advocacia,Rio de Janeiro,BR,5,1,Pendente,,,
280,Josimóveis,5511992255945,Sites desatualizados,Imobiliária,São Paulo,BR,,,Pendente,,,
281,Melquides & Pinheiro,5511953121116,Sites desatualizados,Serviços jurídicos,São Paulo,BR,,,Pendente,,,
282,Auto Mecânica FBI,5521989938641,Sites desatualizados,Oficina mecânica,Rio de Janeiro,BR,,,Pendente,,,
283,Rafaela Lima Beauty,5521993261179,Sites desatualizados,Salão de sobrancelhas,Rio de Janeiro,BR,,,Pendente,,,
284,Ana Paula Lara Beauty,5521988165218,Sites desatualizados,Salão de Beleza,Rio de Janeiro,BR,,,Pendente,,,
285,TT Garage,5521967600851,Sites desatualizados,Loja de motocicletas,Rio de Janeiro,BR,4.7,355,Pendente,,,
286,Clínica de Estética - Zarah Flor,5511970653411,Sites desatualizados,Serviço de depilação a laser,São Paulo,BR,5,350,Pendente,,,
287,Studio Seven Beauty,5511965525171,Sites desatualizados,Salão de Beleza,São Paulo,BR,4.9,218,Pendente,,,
288,Estética e Bem Estar Dra. Márcia Pantarotto,5511986619946,Sites desatualizados,Centro de saúde e beleza,São Paulo,BR,5,192,Pendente,,,
289,+Sorriso Odontologia Parelheiros,5511910549292,Sites desatualizados,Clínica odontológica,São Paulo,BR,4,154,Pendente,,,
290,Salão de Beleza & Head Spa Vila Mariana,5511957808331,Sites desatualizados,Salão de Beleza,São Paulo,BR,4.8,153,Pendente,,,
291,Clínica Odontológica Eterna Aliança,5511984261031,Sites desatualizados,Clínica odontológica,São Paulo,BR,5,146,Pendente,,,
292,Salão de Beleza Bela Cintra Ipiranga,551122748527,Sites desatualizados,Salão de Beleza,São Paulo,BR,4.9,142,Pendente,,,
293,WL Studio - Salão De Beleza - Aclimação,5511940718977,Sites desatualizados,Salão de Beleza,São Paulo,BR,4.7,103,Pendente,,,
294,Studio G Salão de Beleza Liberdade,5511930376915,Sites desatualizados,Salão de Beleza,São Paulo,BR,4.9,97,Pendente,,,
295,Salão De Beleza Beauty Capelli,5511996310690,Sites desatualizados,Salão de Beleza,São Paulo,BR,5,97,Pendente,,,
296,Studio de Beleza Vânia cruz,5521997904006,Sites desatualizados,Salão de Beleza,Rio de Janeiro,BR,5,88,Pendente,,,
297,Monkey Oficina Mecanica e Serviços Automotivos,5521974572148,Sites desatualizados,Mecânica para carros,Rio de Janeiro,BR,4.7,88,Pendente,,,
298,Clínica de Estética Jeane Lima Jardim Guanabara,5521981292080,Sites desatualizados,Centro de saúde e beleza,Rio de Janeiro,BR,5,63,Pendente,,,
299,Carpe Diem Salão de Beleza,551122747432,Sites desatualizados,Salão de Beleza,São Paulo,BR,5,45,Pendente,,,
300,NUNES ADVOGADO RJ,5521995845021,Sites desatualizados,Advogado,Rio de Janeiro,BR,5,38,Pendente,,,
301,Clínica Lakshmi Estética e Saúde,5521976576536,Sites desatualizados,Centro de bem-estar,Rio de Janeiro,BR,5,38,Pendente,,,
302,Angelo's Salon Itaim Paulista,5511958350112,Sites desatualizados,Salão de Beleza,São Paulo,BR,5,36,Pendente,,,
303,Clínica Dr. Luís Eduardo Gaia Soares,5521989052672,Sites desatualizados,Clínica odontológica,Rio de Janeiro,BR,5,35,Pendente,,,
304,Clínica Odontológica Sorria Penha,5511934602822,Sites desatualizados,Dentista,São Paulo,BR,4.8,28,Pendente,,,
305,Nonoh Hair Salão de Beleza,5511985096679,Sites desatualizados,Salão de Beleza,São Paulo,BR,5,25,Pendente,,,
306,Clínica Odontológica Viviani Alexandre,5521999871410,Sites desatualizados,Clínica odontológica,Rio de Janeiro,BR,5,17,Pendente,,,
307,Fabiana Cerqueira Advocacia,5511952789551,Sites desatualizados,Advogado trabalhista,São Paulo,BR,5,12,Pendente,,,
308,HR mecânicas automotiva,5521972691450,Sites desatualizados,Oficina mecânica,Rio de Janeiro,BR,5,5,Pendente,,,
309,A&C IMOVEIS LTDA,551159263820,Sites desatualizados,Imobiliária de aluguel de residências,São Paulo,BR,5,3,Pendente,,,
310,"Zettler, Alves e Helfstein Advogados",551127371327,Sites desatualizados,Serviços jurídicos,São Paulo,BR,,,Pendente,,,
311,Oficina Do Mizinho,5521964692999,Sites desatualizados,Serviço de ar condicionado automotivo,Rio de Janeiro,BR,5,750,Pendente,,,
312,Salão de Beleza CASA MZX,5511992032906,Sites desatualizados,Salão de Beleza,São Paulo,BR,5,677,Pendente,,,
313,Bem Odontologia Implantes Dentários,5511950402340,Sites desatualizados,Dentista,São Paulo,BR,4.9,370,Pendente,,,
314,Headmasters Aclimação Cabelo e Estética,5511942845795,Sites desatualizados,Salão de Beleza,São Paulo,BR,4.7,292,Pendente,,,
315,Oficina do Francês - Carros Franceses,552125733930,Sites desatualizados,Oficina mecânica,Rio de Janeiro,BR,4.7,289,Pendente,,,
316,Dente & Arte Odontologia Especializada,552122703839,Sites desatualizados,Clínica odontológica,Rio de Janeiro,BR,4.8,212,Pendente,,,
317,MIABE Concept Salão de beleza,551120943751,Sites desatualizados,Salão de Beleza,São Paulo,BR,4.9,207,Pendente,,,
318,Entre Elas Clínica de Estética,5521960110673,Sites desatualizados,Centro de saúde e beleza,Rio de Janeiro,BR,4.8,203,Pendente,,,
319,Auto Mecânica Brasil Europa,5521971091316,Sites desatualizados,Oficina mecânica,Rio de Janeiro,BR,4.7,184,Pendente,,,
320,Clínica Sorria Mais Unidade 2,5521997293771,Sites desatualizados,Clínica odontológica,Rio de Janeiro,BR,5,151,Pendente,,,
321,Dra Adriana Lima clinica de estetica,5521991545021,Sites desatualizados,Spa facial,Rio de Janeiro,BR,5,149,Pendente,,,
322,Clínica Odontológica Larissa Camanho,551120925800,Sites desatualizados,Dentista,São Paulo,BR,4.9,147,Pendente,,,
323,Clínica de Estética Karen Abreu,5511963149347,Sites desatualizados,Clínica da saúde da mulher,São Paulo,BR,4.9,144,Pendente,,,
324,Imobiliária Selo,551139337356,Sites desatualizados,Imobiliária,São Paulo,BR,3.9,142,Pendente,,,
325,Reboque Rio - Ilha,5521980223606,Sites desatualizados,Serviço de reboque,Rio de Janeiro,BR,5,133,Pendente,,,
326,Estética Roberta Santos,5511998694641,Sites desatualizados,Centro de saúde e beleza,São Paulo,BR,5,110,Pendente,,,
327,Clínica Sorria Mais,5521972225505,Sites desatualizados,Clínica odontológica,Rio de Janeiro,BR,4.9,106,Pendente,,,
328,Nubelle,5511940484437,Sites desatualizados,Centro de saúde e beleza,São Paulo,BR,4.7,86,Pendente,,,
329,ESTÉTICA AVANÇADA CARLA NUNES,5511964461332,Sites desatualizados,Centro de saúde e beleza,São Paulo,BR,5,85,Pendente,,,
330,Horizontec Oficina Mecânica,5511966091180,Sites desatualizados,Mecânica para carros,São Paulo,BR,5,82,Pendente,,,
331,SPAZIO SANTARELLI Salão de Beleza Aclimação,551123651335,Sites desatualizados,Salão de Beleza,São Paulo,BR,5,79,Pendente,,,
332,Eterna Magia Estética e Biomedicina,5511989294029,Sites desatualizados,Clínica especializada,São Paulo,BR,4.8,75,Pendente,,,
333,Casa Fakhama Estética Spa e Beleza,5511952260106,Sites desatualizados,Clínica especializada,São Paulo,BR,4.9,69,Pendente,,,
334,Li Hair Salão de Beleza Vila Heliopolis,5511984160096,Sites desatualizados,Salão de Beleza,São Paulo,BR,4.9,68,Pendente,,,
335,SIBENS - imobiliária em Pirituba,5511974674113,Sites desatualizados,Imobiliária de aluguel de residências,São Paulo,BR,5,66,Pendente,,,
336,Innov Beauty Studio,551135679453,Sites desatualizados,Salão de Beleza,São Paulo,BR,4.9,63,Pendente,,,
337,Studio Evelin Emmerich,5511997989941,Sites desatualizados,Studio de cílios,São Paulo,BR,4.9,62,Pendente,,,
338,Carol Antunes - Clínica de Estética Avançada,5511934179495,Sites desatualizados,Centro de saúde e beleza,São Paulo,BR,4.8,62,Pendente,,,
339,Clínica de Estética Dra. Jhennifer Martins,5521967108134,Sites desatualizados,Esteticista,Rio de Janeiro,BR,5,62,Pendente,,,
340,Clínica Ellus Estética,5521999822839,Sites desatualizados,Centro de saúde e beleza,Rio de Janeiro,BR,5,59,Pendente,,,
341,Salão de Beleza Karin Amaral Ipiranga,5511976100789,Sites desatualizados,Salão de Beleza,São Paulo,BR,4.8,58,Pendente,,,
342,Makeface Salão de Beleza Ilha do Governador,552124674248,Sites desatualizados,Salão de Beleza,Rio de Janeiro,BR,4.9,58,Pendente,,,
343,Marcelo e Sandra Salão de Beleza,5511987200872,Sites desatualizados,Salão de Beleza,São Paulo,BR,4.9,55,Pendente,,,
344,Auto Mecânica MCarlito Car,551146476379,Sites desatualizados,Mecânica para carros,São Paulo,BR,4.9,53,Pendente,,,
345,ARTH'S CAR OFICINA MECÂNICA,5511959825104,Sites desatualizados,Oficina mecânica,São Paulo,BR,5,52,Pendente,,,
346,Studio de Beleza Inez Vila Mariana,5511977208752,Sites desatualizados,Salão de Beleza,São Paulo,BR,4.7,48,Pendente,,,
347,Homenz Barra,5521996039977,Sites desatualizados,Centro de saúde e beleza,Rio de Janeiro,BR,5,47,Pendente,,,
348,CK Oral Clinic Dra Candyce K Tatsuno,5511940723348,Sites desatualizados,Clínica odontológica,São Paulo,BR,5,43,Pendente,,,
349,Clínica Sorria Rio - Unidade Tijuca,5521983400657,Sites desatualizados,Clínica odontológica,Rio de Janeiro,BR,5,43,Pendente,,,
350,Vconcept Salão de Beleza,551123654118,Sites desatualizados,Salão de Beleza,São Paulo,BR,5,41,Pendente,,,
351,El Shaddai Mecânica Geral,551126362452,Sites desatualizados,Oficina mecânica,São Paulo,BR,4.9,40,Pendente,,,
352,TOPCAR OFICINA MECÂNICA AUTOMOTIVA,5511982401764,Sites desatualizados,Oficina mecânica,São Paulo,BR,4.9,36,Pendente,,,
353,Barbara Castro Biomedicina e Estética,5521999471972,Sites desatualizados,Clínica especializada,Rio de Janeiro,BR,5,35,Pendente,,,
354,Clínica de Estética Dra. Natasha Helfstein,5511945003666,Sites desatualizados,Centro de saúde e beleza,São Paulo,BR,5,32,Pendente,,,
355,Priscilla Morgado Advocacia,5521969449659,Sites desatualizados,Advogado,Rio de Janeiro,BR,5,28,Pendente,,,
356,Michelle Machado Estética e Esmalteria,5521969529447,Sites desatualizados,Centro de saúde e beleza,Rio de Janeiro,BR,5,28,Pendente,,,
357,Hair Therapy Salão e Clínica,5521969880131,Sites desatualizados,Salão de Beleza,Rio de Janeiro,BR,5,26,Pendente,,,
358,Estúdio Lilian Barcelos,5521986039689,Sites desatualizados,Manicure,Rio de Janeiro,BR,5,26,Pendente,,,
359,Espaço Vania Marques,5521973539478,Sites desatualizados,Salão de Beleza,Rio de Janeiro,BR,5,25,Pendente,,,
360,Clínica Althaea - Estética facial e corporal,5521985782005,Sites desatualizados,Centro de saúde e beleza,Rio de Janeiro,BR,5,25,Pendente,,,
361,Arrasa - Salão De Beleza,5511945422711,Sites desatualizados,Salão de Beleza,São Paulo,BR,4.8,24,Pendente,,,
362,Studio de Unhas - Raquel Ferreira,5521986496788,Sites desatualizados,Manicure,Rio de Janeiro,BR,5,23,Pendente,,,
363,Salão de Beleza Nova Imagem,5511991070845,Sites desatualizados,Salão de Beleza,São Paulo,BR,5,21,Pendente,,,
364,Raquel Lemos Liso de Luxo,5521971939439,Sites desatualizados,Salão de Beleza,Rio de Janeiro,BR,5,21,Pendente,,,
365,Wall Fashion Cabeleireiros,5521998771072,Sites desatualizados,Cabeleireiro,Rio de Janeiro,BR,4.9,21,Pendente,,,
366,Estética Em Foco,5521992933588,Sites desatualizados,Esteticista,Rio de Janeiro,BR,5,17,Pendente,,,
367,Franco Rangel Advogados Associados,5521990413650,Sites desatualizados,Serviços jurídicos,Rio de Janeiro,BR,5,16,Pendente,,,
368,Tamara Gandra Estética Avançada,5521995751496,Sites desatualizados,Centro de saúde e beleza,Rio de Janeiro,BR,5,16,Pendente,,,
369,Studio Raena Mota,5521999109296,Sites desatualizados,Salão de sobrancelhas,Rio de Janeiro,BR,5,16,Pendente,,,
370,Oficina Eletromecânica MDC AutoStar,5521965720096,Sites desatualizados,Oficina mecânica,Rio de Janeiro,BR,5,15,Pendente,,,
371,Dra Gabriela Lemos - Estética Avançada,5511993150129,Sites desatualizados,Centro de saúde e beleza,São Paulo,BR,4.8,13,Pendente,,,
372,Tutti Belle Esmalteria e Estética,5511952753773,Sites desatualizados,Salão de Beleza,São Paulo,BR,5,13,Pendente,,,
373,Studio Bendita Beleza by Raquel Barros,5521976871299,Sites desatualizados,Salão de Beleza,Rio de Janeiro,BR,5,13,Pendente,,,
374,Monkey Auto Car,5521981944669,Sites desatualizados,Oficina mecânica,Rio de Janeiro,BR,5,12,Pendente,,,
375,Studio Divas Brasil,5521987456511,Sites desatualizados,Salão de Beleza,Rio de Janeiro,BR,5,12,Pendente,,,
376,Studio Vivi Rocha,5521997146322,Sites desatualizados,Salão de Beleza,Rio de Janeiro,BR,5,12,Pendente,,,
377,Studio Ana Souza,5521976279536,Sites desatualizados,Salão de Beleza,Rio de Janeiro,BR,5,12,Pendente,,,
378,OFICINA BERAKAH MOTOS,5521998782628,Sites desatualizados,Oficina mecânica de motos,Rio de Janeiro,BR,5,11,Pendente,,,
379,Dra. Júlia Acri - Clínica de Estética,5521991775426,Sites desatualizados,Centro de saúde e beleza,Rio de Janeiro,BR,5,11,Pendente,,,
380,Espaço Maju By Ju Santos,5521988503264,Sites desatualizados,Salão de Beleza,Rio de Janeiro,BR,4.9,11,Pendente,,,
381,Geovanna Louise Studio,5521999559260,Sites desatualizados,Salão de Beleza,Rio de Janeiro,BR,5,11,Pendente,,,
382,Miranda Monteiro Advogados,5521998607153,Sites desatualizados,Serviços jurídicos,Rio de Janeiro,BR,5,9,Pendente,,,
383,Dra Juliana Avancini Busquets,551159202329,Sites desatualizados,Clínica odontológica,São Paulo,BR,4.5,8,Pendente,,,
384,Clínica Belsanté Estética,5521993196779,Sites desatualizados,Centro de saúde e beleza,Rio de Janeiro,BR,5,8,Pendente,,,
385,Girls Pink,5511915948662,Sites desatualizados,Esteticista,São Paulo,BR,5,4,Pendente,,,
386,Oficina mecânica majucar,5511991957088,Sites desatualizados,Mecânica para carros,São Paulo,BR,5,1,Pendente,,,
387,Nobre Face - Clínica de Estética Avançada,5521998568261,Sites desatualizados,Centro estético,Rio de Janeiro,BR,5,1,Pendente,,,
388,Espaço da Beleza Sandra Lopes,5521967319498,Sites desatualizados,Salão de Beleza,Rio de Janeiro,BR,5,1,Pendente,,,
389,Equipe Tucson,5511941662900,Sites desatualizados,Consultora de imóveis,São Paulo,BR,,,Pendente,,,
390,Clinica Ramalho Odontologia,5511915484141,Sites desatualizados,Clínica odontológica,São Paulo,BR,,,Pendente,,,
391,GC Auto Car,5521983231508,Sites desatualizados,Oficina mecânica,Rio de Janeiro,BR,,,Pendente,,,
392,Cami Lopes - Lashes e Brows,5521993217528,Sites desatualizados,Salão de Beleza,Rio de Janeiro,BR,,,Pendente,,,
393,Dieni karlem Studio,5521975892441,Sites desatualizados,Manicure,Rio de Janeiro,BR,,,Pendente,,,
394,Studio Nicole Carvalho,5521972069481,Sites desatualizados,Salão de Beleza,Rio de Janeiro,BR,,,Pendente,,,
395,PAULA DIAS - Especialista em Loiras,552131539200,Sites desatualizados,Salão de Beleza,Rio de Janeiro,BR,5,595,Pendente,,,
396,Lia Freitas Espaço Real,552135022072,Sites desatualizados,Salão de Beleza,Rio de Janeiro,BR,4.5,151,Pendente,,,
397,IRMÃOS Auto Mecânica e Elétrica,5521982756018,Sites desatualizados,Oficina mecânica,Rio de Janeiro,BR,4.9,107,Pendente,,,
398,Conexão dos Cortes,5521975064629,Sites desatualizados,Barbearia,Rio de Janeiro,BR,5,106,Pendente,,,
399,Salão De Beleza Sempre Bella,551122861454,Sites desatualizados,Salão de Beleza,São Paulo,BR,4.9,86,Pendente,,,
400,Oral Prime Clínica Odontológica,5511998202043,Sites desatualizados,Dentista,São Paulo,BR,4.9,72,Pendente,,,
401,Oral Prime Clinica Odontológica,551120554536,Sites desatualizados,Clínica odontológica,São Paulo,BR,4.5,70,Pendente,,,
402,Constantino Axcel Hair Studio,551123685988,Sites desatualizados,Salão de Beleza,São Paulo,BR,4.5,47,Pendente,,,
403,Auto Mecanica Status,5511949421412,Sites desatualizados,Oficina mecânica,São Paulo,BR,4.9,38,Pendente,,,
404,OFICINA MECÂNICA CHECK-UP,5511913484822,Sites desatualizados,Oficina mecânica,São Paulo,BR,4.8,19,Pendente,,,
405,injet eletromecânica,5521968780916,Sites desatualizados,Oficina mecânica,Rio de Janeiro,BR,4.8,18,Pendente,,,
406,ODONTO DIAS São Paulo Parelheiros,551159204564,Sites desatualizados,Dentista,São Paulo,BR,5,6,Pendente,,,
407,Over Oil Automotive,5521981278263,Sites desatualizados,Oficina mecânica,Rio de Janeiro,BR,4.7,296,Pendente,,,
408,Moretto Clínica Odontológica,551133843244,Sites desatualizados,Dentista,São Paulo,BR,4.8,210,Pendente,,,
409,Vitrine Salão de Beleza,551123620818,Sites desatualizados,Salão de Beleza,São Paulo,BR,4.6,169,Pendente,,,
410,Espaço 365 Salão de Beleza,5511987118447,Sites desatualizados,Salão de Beleza,São Paulo,BR,5,147,Pendente,,,
411,Borges&Oliver Salão de Beleza e Estética,5511995661007,Sites desatualizados,Salão de Beleza,São Paulo,BR,4.8,114,Pendente,,,
412,Graziela Estética - Perus,5511970368452,Sites desatualizados,Centro de saúde e beleza,São Paulo,BR,5,109,Pendente,,,
413,Clínica Opitz Estética Avançada Ipiranga,5511930008004,Sites desatualizados,Clínica especializada,São Paulo,BR,5,73,Pendente,,,
414,Clínica Fique Bela Estética,5511976675082,Sites desatualizados,Centro de saúde e beleza,São Paulo,BR,4.9,69,Pendente,,,
415,Studio Vergueiro Salão de Beleza Sacomã,5511993583235,Sites desatualizados,Salão de Beleza,São Paulo,BR,4.7,68,Pendente,,,
416,Esteticista - Raquel Ribeiro,5521994383822,Sites desatualizados,Centro de saúde e beleza,Rio de Janeiro,BR,5,63,Pendente,,,
417,Salão de Beleza Madison Hair Vila Prudente,5511947251171,Sites desatualizados,Salão de Beleza,São Paulo,BR,4.8,62,Pendente,,,
418,Estética Bersani,5511978126799,Sites desatualizados,Centro de saúde e beleza,São Paulo,BR,5,50,Pendente,,,
419,Escritório de Advocacia Dra Fabiana Proença,551139039937,Sites desatualizados,Advogado de Direito de Família,São Paulo,BR,5,46,Pendente,,,
420,Day Mohura salao de beleza zona sul,5511999730980,Sites desatualizados,Salão de Beleza,São Paulo,BR,5,39,Pendente,,,
421,Dra. Andréia Souza Clínica Estética,5521967105934,Sites desatualizados,Centro de saúde e beleza,Rio de Janeiro,BR,5,24,Pendente,,,
422,Enah Clínica Estética,5511983652003,Sites desatualizados,Centro de saúde e beleza,São Paulo,BR,5,12,Pendente,,,
423,Nicars Oficina Mecânica,5511988770491,Sites desatualizados,Oficina mecânica,São Paulo,BR,4.6,10,Pendente,,,
424,Depiladora Marcia Barbosa,5521987854455,Sites desatualizados,Salão de Beleza,Rio de Janeiro,BR,5,9,Pendente,,,
425,Clinica Dentaria Sorridente,5521975114544,Sites desatualizados,Dentista,Rio de Janeiro,BR,5,3,Pendente,,,
